distance_angstrom,vqe_energy_ha,exact_energy_ha,delta_ha
4.000000000000000222e-01,-9.141496719603043886e-01,-9.141497046270821158e-01,3.266677772728598939e-08
4.200000000000000400e-01,-9.518540415971641355e-01,-9.518540428630666295e-01,1.265902493940984641e-09
4.400000000000000577e-01,-9.840956211961044975e-01,-9.840956576839288150e-01,3.648782431753261335e-08
4.600000000000000755e-01,-1.011649398557154189e+00,-1.011649422872042514e+00,2.431488832499439923e-08
4.800000000000000933e-01,-1.035158223440256098e+00,-1.035158224791492998e+00,1.351236900148933273e-09
5.000000000000001110e-01,-1.055159719073466951e+00,-1.055159794470623913e+00,7.539715696225357533e-08
5.200000000000001288e-01,-1.072107463131519944e+00,-1.072107470210788671e+00,7.079268726783993770e-09
5.400000000000001465e-01,-1.086386336252848750e+00,-1.086386372869861283e+00,3.661701253321325567e-08
5.600000000000001643e-01,-1.098325949622408704e+00,-1.098326071555401295e+00,1.219329925916667889e-07
5.800000000000001821e-01,-1.108210518747500206e+00,-1.108210539731096844e+00,2.098359663804671982e-08
6.000000000000001998e-01,-1.116285997053505730e+00,-1.116286006869538161e+00,9.816032431331223052e-09
6.200000000000002176e-01,-1.122767146409106465e+00,-1.122767170817906557e+00,2.440880009224599689e-08
6.400000000000002354e-01,-1.127841767597166367e+00,-1.127842132963743360e+00,3.653665769931535579e-07
6.600000000000002531e-01,-1.131676323079693791e+00,-1.131676340410250559e+00,1.733055676744754692e-08
6.800000000000002709e-01,-1.134415698272823736e+00,-1.134415759086274456e+00,6.081345071962118709e-08
7.000000000000002887e-01,-1.136188856192295926e+00,-1.136189454065925197e+00,5.978736292711062106e-07
7.200000000000003064e-01,-1.137111281558497389e+00,-1.137111715115464161e+00,4.335569667723859766e-07
7.400000000000003242e-01,-1.137283795955202237e+00,-1.137283834488501455e+00,3.853329921810200176e-08
7.600000000000003419e-01,-1.136795608573464289e+00,-1.136795618820453768e+00,1.024698947915680947e-08
7.800000000000003597e-01,-1.135726687334311702e+00,-1.135726696630226851e+00,9.295915148754829715e-09
8.000000000000003775e-01,-1.134147329909739543e+00,-1.134147666677092658e+00,3.367673531151638144e-07
8.200000000000003952e-01,-1.132121118523816472e+00,-1.132121119649999397e+00,1.126182924693353016e-09
8.400000000000004130e-01,-1.129702555279112008e+00,-1.129702555870423897e+00,5.913118883427159744e-10
8.600000000000004308e-01,-1.126941038455121724e+00,-1.126941214412042758e+00,1.759569210335598655e-07
8.800000000000004485e-01,-1.123880518871657408e+00,-1.123880823844148225e+00,3.049724908166240311e-07
9.000000000000004663e-01,-1.120560281173005324e+00,-1.120560281299991523e+00,1.269861993336007799e-10
9.200000000000004841e-01,-1.117014206170597657e+00,-1.117014264387572453e+00,5.821697479646559259e-08
9.400000000000005018e-01,-1.113273465499898807e+00,-1.113273779272857755e+00,3.137729589486326631e-07
9.600000000000005196e-01,-1.109366637349950668e+00,-1.109366647788099680e+00,1.043814901180439847e-08
9.800000000000005373e-01,-1.105317934397378465e+00,-1.105317936411424729e+00,2.014046263099089629e-09
1.000000000000000444e+00,-1.101150321507049501e+00,-1.101150330232614660e+00,8.725565159295456397e-09
1.020000000000000462e+00,-1.096884054327847524e+00,-1.096884455411649695e+00,4.010838021706319978e-07
1.040000000000000480e+00,-1.092539119236807021e+00,-1.092539154040192084e+00,3.480338506278712885e-08
1.060000000000000497e+00,-1.088131607622072616e+00,-1.088131715659850673e+00,1.080377780571240010e-07
1.080000000000000515e+00,-1.083678016523103249e+00,-1.083678069920649856e+00,5.339754660660389618e-08
1.100000000000000533e+00,-1.079192879279841533e+00,-1.079192944969074697e+00,6.568923316407904167e-08
1.120000000000000551e+00,-1.074689840498457949e+00,-1.074689996124572167e+00,1.556261142177106649e-07
1.140000000000000568e+00,-1.070181906626341828e+00,-1.070181909253473229e+00,2.627131401311544323e-09
1.160000000000000586e+00,-1.065680448445827988e+00,-1.065680482996241407e+00,3.455041341915432440e-08
1.180000000000000604e+00,-1.061196396287533705e+00,-1.061196693672814328e+00,2.973852806231747081e-07
1.200000000000000622e+00,-1.056740729462657846e+00,-1.056740746305258938e+00,1.684260109158230989e-08
1.220000000000000639e+00,-1.052321740806317685e+00,-1.052322114782673568e+00,3.739763558829878320e-07
1.240000000000000657e+00,-1.047949449630109164e+00,-1.047949573770769138e+00,1.241406599739036665e-07
1.260000000000000675e+00,-1.043631141897169101e+00,-1.043631224556041293e+00,8.265887219138789987e-08
1.280000000000000693e+00,-1.039374506217576322e+00,-1.039374516626248690e+00,1.040867236845599564e-08
1.300000000000000711e+00,-1.035186206847713120e+00,-1.035186266434253710e+00,5.958654059057266750e-08
1.320000000000000728e+00,-1.031072629251890582e+00,-1.031072674478684004e+00,4.522679342144897419e-08
1.340000000000000746e+00,-1.027038915483079684e+00,-1.027039341563174890e+00,4.260800952060606051e-07
1.360000000000000764e+00,-1.023091282751223963e+00,-1.023091284868070883e+00,2.116846919975046148e-09
1.380000000000000782e+00,-1.019232496121616816e+00,-1.019232954281585446e+00,4.581599686304116403e-07
1.400000000000000799e+00,-1.015468135404814731e+00,-1.015468249288243641e+00,1.138834289093892949e-07
1.420000000000000817e+00,-1.011800500728153640e+00,-1.011800536595871325e+00,3.586771768482321932e-08
1.440000000000000835e+00,-1.008232354561783950e+00,-1.008232668594869264e+00,3.140330853135253619e-07
1.460000000000000853e+00,-1.004766867814343101e+00,-1.004767002678701893e+00,1.348643587917308651e-07
1.480000000000000870e+00,-1.001405243793175526e+00,-1.001405421408331442e+00,1.776151559162997273e-07
1.500000000000000888e+00,-9.981487595404903157e-01,-9.981493534714096505e-01,5.939309193347952487e-07
1.520000000000000906e+00,-9.949997853839820383e-01,-9.949997953655105309e-01,9.981528492630786786e-09
1.540000000000000924e+00,-9.919572292515158596e-01,-9.919573337202126639e-01,1.044686968043606612e-07
1.560000000000000941e+00,-9.890220540694385498e-01,-9.890221681641084839e-01,1.140946699340616988e-07
1.580000000000000959e+00,-9.861941308953171559e-01,-9.861941346356096760e-01,3.740292520149068878e-09
1.600000000000000977e+00,-9.834727250682653299e-01,-9.834727290331761740e-01,3.964910844089786224e-09
1.620000000000000995e+00,-9.808566582256501576e-01,-9.808571310959641742e-01,4.728703140166601315e-07
1.640000000000001013e+00,-9.783462236907252141e-01,-9.783462284040653767e-01,4.713340162609824802e-09
1.660000000000001030e+00,-9.759386046629854317e-01,-9.759386403844558799e-01,3.572147044828000162e-08
1.680000000000001048e+00,-9.736326976366389552e-01,-9.736327422075994331e-01,4.457096047794095739e-08
1.700000000000001066e+00,-9.714265537824627872e-01,-9.714266884583445671e-01,1.346758817799553754e-07
1.720000000000001084e+00,-9.693184121605389336e-01,-9.693184364651974416e-01,2.430465850800089811e-08
1.740000000000001101e+00,-9.673054404164451725e-01,-9.673057691733082386e-01,3.287568630661041880e-07
1.760000000000001119e+00,-9.653863025686040267e-01,-9.653863174497028243e-01,1.488109879765886490e-08
1.780000000000001137e+00,-9.635573221982522973e-01,-9.635575817137675969e-01,2.595155152995687331e-07
1.800000000000001155e+00,-9.618169508850585858e-01,-9.618169527925798379e-01,1.907521252064725559e-09
1.820000000000001172e+00,-9.601617193273552786e-01,-9.601617319085136160e-01,1.258115833735473643e-08
1.840000000000001190e+00,-9.585891450502608269e-01,-9.585891497162968289e-01,4.666036002021201057e-09
1.860000000000001208e+00,-9.570962480352339652e-01,-9.570963843173460051e-01,1.362821120398649555e-07
1.880000000000001226e+00,-9.556805722967622874e-01,-9.556805781915440612e-01,5.894781773818635884e-09
1.900000000000001243e+00,-9.543388504561873820e-01,-9.543388539987305297e-01,3.542543147716514795e-09
1.920000000000001261e+00,-9.530682923384921068e-01,-9.530683292155415209e-01,3.687704941413016968e-08
1.940000000000001279e+00,-9.518661216010907422e-01,-9.518661295867366645e-01,7.985645922303774569e-09
1.960000000000001297e+00,-9.507288890581351293e-01,-9.507294013821063761e-01,5.123239712467864138e-07
1.980000000000001315e+00,-9.496551329185288770e-01,-9.496553224633020873e-01,1.895447732103150429e-07
2.000000000000001332e+00,-9.486410282121375825e-01,-9.486411121761904042e-01,8.396405282162788808e-08
